id,title,cluster,comparison_table_count,comparison_score
6047,Play Recovery After Surgery: Gentle Enrichment for Healing Dogs,Uncategorized,1,55
5930,Dog Toy Safety by Breed Size: Choosing the Right Size Toy,Uncategorized,1,55
5033,How to Choose the Right Cat Toy for Your Cat's Personality,Cat Toys,1,55
5034,Cat Toy Rotation: How to Keep Toys Fresh and Engaging,Cat Toys,1,55
4408,How Often Should You Replace Cat Toys? A Practical Guide,Cat Toys,1,55
4335,Best Cat Litter Disposal UK (2026) – Waste Management Guide,Cat Supplies,1,55
4328,Best Self-Cleaning Litter Trays UK (2026) – Automatic Options,Cat Supplies,1,55
4321,Best Cat Litter UK (2026) – Types &#038; Comparison Guide,Cat Supplies,1,55
4307,Best Wall-Mounted Cat Scratchers UK (2026) – Space Saving,Cat Supplies,1,55
4265,Best Cat GPS Trackers UK (2026) – Location Tracking Guide,Cat Supplies,1,55
4230,Best Cat Grooming Supplies UK (2026) – Complete Guide,Cat Supplies,1,55
4223,Best Cat Window Perches UK (2026) – Sunning & Bird Watching,Cat Supplies,1,55
4209,Best Heated Cat Beds UK (2026) – Winter Warmth Guide,Cat Supplies,1,55
4181,Best Interactive Cat Toys UK (2026) – Wand & Puzzle Guide,Cat Toys,1,55
6050,Toy Overstimulation Recovery: Calming Down an Overexcited Dog,Uncategorized,1,55
6042,Enrichment by Breed Group: Tailoring Play to Your Dog's Instincts,Uncategorized,1,55
4566,Seasonal Dog Care: Keeping Your Dog Safe Year-Round,Dog Care,1,55
4195,Best Cat Toys for Indoor Cats UK (2026) – Enrichment Guide,Cat Toys,1,55
5519,Indoor Cat Care: A Complete Guide to Keeping House Cats Happy and Healthy,Uncategorized,1,55
5508,Puppy Development Stages: A Complete Guide from Birth to Maturity,Uncategorized,1,55
4574,Pet Hydration Guide: How Much Water Does Your Pet Need?,Dog Supplies,1,55
4571,Pet First Aid Basics: What Every Owner Should Know,Dog Supplies,1,55
4300,Best Cardboard Cat Scratchers UK (2026) – Budget Friendly,Cat Supplies,1,55
4293,Best Cat Trees UK (2026) – Climbing & Scratching Towers,Cat Supplies,1,55
3,Dog Toys UK (2026) – Essential Guide for Pet Owners,Dog Supplies,1,55
5520,"Dog Health Basics: Common Conditions, Prevention, and When to See a Vet",Uncategorized,1,55
5510,Dog Bed Sizing Guide: How to Measure Your Dog and Choose the Right Fit,Uncategorized,1,55
5032,Cat Toys FAQ: Common Questions Answered,Cat Toys,1,55
5934,Crate and Play Enrichment: Keeping Dogs Happy in Confined Spaces,Uncategorized,1,55
5522,"Orthopaedic Care for Dogs: Joint Health, Mobility, and Support",Uncategorized,1,55
6052,Low-Mobility Enrichment: Mental Stimulation for Dogs with Limited Movement,Uncategorized,1,55
6049,Sensory Enrichment for Dogs: Engaging All Five Senses Through Play,Uncategorized,1,55
6048,Confidence-Building Play: Helping Shy and Fearful Dogs Through Toys,Uncategorized,1,55
6044,Rotating Puzzle Complexity: Progressive Challenge for Smart Dogs,Uncategorized,1,55
5942,Cognitive Enrichment for Senior Dogs: Gentle Play for Ageing Minds,Uncategorized,1,55
5932,Scent-Game Enrichment for Dogs: Using Smell to Engage Your Dog,Uncategorized,1,55
5931,Signs of Toy Overstimulation in Dogs: When Play Becomes Too Much,Uncategorized,1,55
4787,Dog Toy Safety: What Every Owner Needs to Know,Dog Toys,1,55
5464,Pet Grooming Glossary: Understanding Grooming Terms and Techniques,Uncategorized,1,60
5035,Cat Enrichment Beyond Toys: Creating a Stimulating Home,Cat Toys,1,60
4576,Multi-Pet Household Tips: Living with Dogs and Cats Together,Pet Care,1,60
4413,How to Measure Your Dog for a Harness: Step-by-Step Guide,Dog Harnesses,1,60
4409,Kitten vs Adult Cat Toys: Age-Appropriate Play Guide,Cat Toys,1,60
4407,DIY Cat Toys: Safe Homemade Options Your Cat Will Love,Cat Toys,1,60
4279,Best Cat Harnesses UK (2026) – Safe Walking Guide,Cat Supplies,1,60
4258,Best Cat Collars UK (2026) – Complete Safety Guide,Cat Supplies,1,60
4146,Best Dog Bowls and Feeding UK (2026) – Complete Guide,Dog Supplies,1,60
4125,Best Dog Training Treats UK (2026) – Reward Guide,Training Supplies,1,60
4034,Best No-Pull Dog Harnesses UK (2026) – Training & Comfort Guide,Dog Harnesses,1,60
4027,Best Dog Collars and Harnesses UK (2026) – Complete Guide,Dog Harnesses,1,60
4573,Seasonal Pet Safety: Protecting Pets Through the Year,Pet Care,1,60
4410,Cat Enrichment Activities Beyond Toys: Complete Guide,Cat Toys,1,60
3959,Best Interactive Dog Toys UK (2026) – Puzzle & Enrichment Guide,Dog Toys,1,60
3957,Best Indestructible Dog Toys UK (2026) – Tough Toys for Heavy Chewers,Dog Toys,1,60
5523,"Dog Training Equipment Explained: Tools, Uses, and What to Avoid",Uncategorized,1,60
5521,Pet Health Terminology: A Guide to Common Veterinary Terms,Uncategorized,1,60
5511,"Pet Enrichment Explained: Types, Benefits, and Practical Ideas",Uncategorized,1,60
5469,Dog Toy Rotation: How to Keep Your Dog Interested and Engaged,Uncategorized,1,60
5467,"Pet Feeding Guide: Understanding Portions, Schedules, and Methods",Uncategorized,1,60
5460,Pet Nutrition Terminology: A Guide to Common Terms on Pet Food Labels,Uncategorized,1,60
5419,Cat Care Basics: A Glossary for New Cat Owners,Cat Supplies,1,60
5414,Cat Toy Types Explained: A Complete Glossary,Uncategorized,1,60
5296,Best Indoor Cat Toys UK (2026): Complete Guide for House Cats,Uncategorized,1,60
4160,Best Elevated Dog Bowls UK (2026) – Raised Feeder Guide,Dog Supplies,1,60
4153,Best Slow Feeder Dog Bowls UK (2026) – Prevent Speed Eating,Dog Supplies,1,60
696,Essential Cat Supplies for Cat Owners - Number 1 Must-Haves,Cat Supplies,1,60
3956,Best Dog Toys UK (2026) – Complete Guide & Honest Reviews,Dog Toys,1,60
5933,"Safe Tug Play with Dogs: Rules, Benefits, and Common Mistakes",Uncategorized,1,60
5471,"Dog Boredom Prevention: Signs, Solutions, and Enrichment Ideas",Uncategorized,1,60
5462,Dog Training Terminology Explained: Key Concepts for New Owners,Uncategorized,1,60
5415,Dog Play Styles Explained: Understanding How Your Dog Plays,Uncategorized,1,60
4788,Mental Stimulation for Dogs: Beyond Physical Exercise,Dog Toys,1,60
