id,title,quick_answer_added,sources_added,source_count,comparison_added,comparison_topic,status
3956,Best Dog Toys UK (2026) – Complete Guide & Honest Reviews,True,False,0,False,,updated
3957,Best Indestructible Dog Toys UK (2026) – Tough Toys for Heavy Chewers,True,False,0,True,Tough Toy Materials Compared,updated
3959,Best Interactive Dog Toys UK (2026) – Puzzle & Enrichment Guide,True,False,0,False,,updated
3996,Best Dog Beds UK (2026) – Complete Guide & Honest Reviews,True,False,0,False,,updated
4568,Dog Dental Health: A Practical Care Guide,False,False,0,True,Dog Dental Care Methods Compared,updated
4571,Pet First Aid Basics: What Every Owner Should Know,False,False,0,True,Pet First Aid Kit Essentials,updated
4574,Pet Hydration Guide: How Much Water Does Your Pet Need?,False,False,0,True,Daily Water Needs by Pet Type and Size,updated
4783,How to Choose the Right Dog Bed Size,False,False,0,True,Dog Bed Sizing Guide by Sleep Position,updated
4785,How to Wash and Maintain Your Dog's Bed,False,False,0,True,Dog Bed Cleaning Methods by Material,updated
4786,Where to Place Your Dog's Bed: Location and Comfort Tips,False,False,0,True,Dog Bed Placement Considerations,updated
4787,Dog Toy Safety: What Every Owner Needs to Know,False,False,0,True,Toy Safety Checklist by Material,updated
4788,Mental Stimulation for Dogs: Beyond Physical Exercise,False,False,0,True,Mental Stimulation Activities Compared,updated
4789,Best Types of Dog Toys for Different Play Styles,False,False,0,True,Dog Play Styles and Matching Toys,updated
4790,DIY Dog Toys: Safe Homemade Options,False,False,0,True,DIY Dog Toy Safety by Material,updated
4791,How to Choose the Right Dog Training Treats,False,False,0,True,Training Treat Types Compared,updated
4792,Puppy Socialisation: A Complete Timeline Guide,False,False,0,True,Puppy Socialisation Timeline,updated
5032,Cat Toys FAQ: Common Questions Answered,False,False,0,True,Cat Toy Safety and Replacement Guide,updated
5033,How to Choose the Right Cat Toy for Your Cat's Personality,False,False,0,True,Cat Play Personality and Toy Matching,updated
5034,Cat Toy Rotation: How to Keep Toys Fresh and Engaging,False,False,0,True,Cat Toy Rotation Schedule,updated
5296,Best Indoor Cat Toys UK (2026): Complete Guide for House Cats,False,False,0,True,Indoor Cat Toy Types Compared,updated
5415,Dog Play Styles Explained: Understanding How Your Dog Plays,False,False,0,True,Dog Play Styles and Matching Toys,updated
5421,Puppy-Safe Dog Toys: What to Look For and What to Avoid,False,False,0,True,Puppy Toy Safety by Age Stage,updated
5423,Dog Toy Enrichment: Beyond Basic Fetch,False,False,0,True,Enrichment Activities Beyond Fetch,updated
5424,Aggressive Chewer Guide: Safe Toys for Power Chewers,False,False,0,True,Toy Suitability by Chewing Intensity,updated
5425,Dog Toys FAQ: Common Questions Answered,False,False,0,True,Common Dog Toy Concerns at a Glance,updated
5462,Dog Training Terminology Explained: Key Concepts for New Owners,False,False,0,True,Key Dog Training Methods Compared,updated
5519,Indoor Cat Care: A Complete Guide to Keeping House Cats Happy and Healthy,False,False,0,True,Indoor vs Outdoor Cat Environmental Needs,updated
5930,Dog Toy Safety by Breed Size: Choosing the Right Size Toy,True,False,0,False,,updated
5931,Signs of Toy Overstimulation in Dogs: When Play Becomes Too Much,False,False,0,True,Overstimulation Warning Signs by Severity,updated
5932,Scent-Game Enrichment for Dogs: Using Smell to Engage Your Dog,False,False,0,True,Scent Game Types by Difficulty,updated
5933,"Safe Tug Play with Dogs: Rules, Benefits, and Common Mistakes",False,False,0,True,Tug Toy Materials Compared,updated
5934,Crate and Play Enrichment: Keeping Dogs Happy in Confined Spaces,False,False,0,True,Crate Enrichment Options by Safety Level,updated
5935,Dog Toy Storage and Organisation: Keeping Toys Clean and Accessible,True,False,0,True,Toy Storage Methods Compared,updated
5938,Enrichment Schedules for Dogs: Structuring Daily Play and Mental Work,True,False,0,True,Daily Enrichment Schedule Overview,updated
5942,Cognitive Enrichment for Senior Dogs: Gentle Play for Ageing Minds,True,False,0,True,Senior Dog Enrichment by Activity Type,updated
5946,"Dog Toy Materials Compared: Rubber, Rope, Plush, and Nylon",True,False,0,False,,updated
5950,Dog Toy Durability Guide: What Lasts and What Does Not,True,False,0,False,,updated
6039,Dog Toy Anxiety Reduction: Using Toys to Calm Nervous Dogs,True,False,0,False,,updated
6042,Enrichment by Breed Group: Tailoring Play to Your Dog's Instincts,True,False,0,False,,updated
6044,Rotating Puzzle Complexity: Progressive Challenge for Smart Dogs,True,False,0,False,,updated
6045,Safe Multi-Dog Toy Management: Preventing Resource Guarding,True,False,0,False,,updated
6046,Dog Toy Hygiene Schedules: A Practical Cleaning Timetable,True,False,0,False,,updated
6047,Play Recovery After Surgery: Gentle Enrichment for Healing Dogs,True,False,0,False,,updated
6048,Confidence-Building Play: Helping Shy and Fearful Dogs Through Toys,True,False,0,False,,updated
6049,Sensory Enrichment for Dogs: Engaging All Five Senses Through Play,True,False,0,False,,updated
6050,Toy Overstimulation Recovery: Calming Down an Overexcited Dog,True,False,0,False,,updated
6052,Low-Mobility Enrichment: Mental Stimulation for Dogs with Limited Movement,True,False,0,False,,updated
