id,title,cluster,practical_guide_added,decision_pathway_added,comparison_tables_added,status
5425,Dog Toys FAQ: Common Questions Answered,Dog Toys,added,added,2,updated
5424,Aggressive Chewer Guide: Safe Toys for Power Chewers,Dog Toys,added,added,2,updated
5423,Dog Toy Enrichment: Beyond Basic Fetch,Dog Toys,added,added,1,updated
5422,Indoor vs Outdoor Dog Toys: Choosing the Right Type,Dog Toys,added,added,1,updated
5421,Puppy-Safe Dog Toys: What to Look For and What to Avoid,Dog Toys,added,added,1,updated
5420,Dog Toy Cleaning Guide: How to Keep Toys Hygienic,Dog Toys,added,added,1,updated
4790,DIY Dog Toys: Safe Homemade Options,Dog Toys,added,added,1,updated
4789,Best Types of Dog Toys for Different Play Styles,Dog Toys,added,added,1,updated
4788,Mental Stimulation for Dogs: Beyond Physical Exercise,Dog Toys,added,added,0,updated
4787,Dog Toy Safety: What Every Owner Needs to Know,Dog Toys,added,added,0,updated
3960,Best Puppy Toys UK (2026) – Teething & First Toys Guide,Dog Toys,added,added,0,updated
3959,Best Interactive Dog Toys UK (2026) – Puzzle & Enrichment Guide,Dog Toys,added,added,0,updated
3957,Best Indestructible Dog Toys UK (2026) – Tough Toys for Heavy Chewers,Dog Toys,added,added,0,updated
3956,Best Dog Toys UK (2026) – Complete Guide & Honest Reviews,Dog Toys,added,added,0,updated
5418,Dog Harness Types Explained: Finding the Right Fit,Dog Harnesses,added,added,2,updated
4414,Harness vs Collar: Which Is Better for Your Dog?,Dog Harnesses,added,added,3,updated
4413,How to Measure Your Dog for a Harness: Step-by-Step Guide,Dog Harnesses,added,added,0,updated
4412,No-Pull Dog Harness Guide: How They Work and When to Use One,Dog Harnesses,added,added,1,updated
4411,"Dog Harnesses: The Complete Guide to Types, Fitting, and Safety",Dog Harnesses,added,added,0,updated
4034,Best No-Pull Dog Harnesses UK (2026) – Training & Comfort Guide,Dog Harnesses,added,added,0,updated
4027,Best Dog Collars and Harnesses UK (2026) – Complete Guide,Dog Harnesses,added,added,0,updated
7174,"Dog Bed Terminology: Materials, Types, and Sizing Terms Explained",Dog Supplies,added,added,2,updated
7172,Dog Food Glossary: Understanding Ingredients and Nutrition Labels,Dog Supplies,added,added,2,updated
7170,Dog Health Terminology: Understanding Common Veterinary and Care Terms,Dog Supplies,added,added,2,updated
7169,Puppy Care Glossary: Essential Terms for New Puppy Owners,Dog Supplies,added,added,1,updated
5416,Dog Bed Types Explained: A Complete Glossary,Dog Supplies,added,added,0,updated
4792,Puppy Socialisation: A Complete Timeline Guide,Dog Supplies,added,added,1,updated
4791,How to Choose the Right Dog Training Treats,Dog Supplies,added,added,0,updated
4786,Where to Place Your Dog's Bed: Location and Comfort Tips,Dog Supplies,added,added,0,updated
4785,How to Wash and Maintain Your Dog's Bed,Dog Supplies,added,added,0,updated
4784,"Dog Bed Materials Explained: Foam, Memory Foam, and More",Dog Supplies,added,added,1,updated
4783,How to Choose the Right Dog Bed Size,Dog Supplies,added,added,0,updated
4570,First-Time Dog Owner Essentials: What You Need to Know,Dog Supplies,added,added,2,updated
4574,Pet Hydration Guide: How Much Water Does Your Pet Need?,Dog Supplies,added,added,0,updated
4571,Pet First Aid Basics: What Every Owner Should Know,Dog Supplies,added,added,0,updated
4568,Dog Dental Health: A Practical Care Guide,Dog Supplies,added,added,0,updated
4566,Seasonal Dog Care: Keeping Your Dog Safe Year-Round,Dog Supplies,added,added,0,updated
4563,Dog Grooming Basics: A Complete Guide for Owners,Dog Supplies,added,added,0,updated
4167,Best Dog Water Bottles UK (2026) – Travel Hydration Guide,Dog Supplies,added,added,0,updated
4160,Best Elevated Dog Bowls UK (2026) – Raised Feeder Guide,Dog Supplies,added,added,0,updated
4153,Best Slow Feeder Dog Bowls UK (2026) – Prevent Speed Eating,Dog Supplies,added,added,0,updated
4146,Best Dog Bowls and Feeding UK (2026) – Complete Guide,Dog Supplies,added,added,0,updated
4139,Best Dog Training Leads UK (2026) – Long Lines & Harnesses,Dog Supplies,added,added,0,updated
4132,Best Puppy Training Guide UK (2026) – First Year Essentials,Dog Supplies,added,added,0,updated
4125,Best Dog Training Treats UK (2026) – Reward Guide,Dog Supplies,added,added,0,updated
4118,Best Dog Training and Behaviour UK (2026) – Complete Guide,Dog Supplies,added,added,0,updated
4110,Best Dog Joint Supplements UK (2026) – Mobility Support Guide,Dog Supplies,added,added,0,updated
4103,Best Dog Flea Treatment UK (2026) – Prevention Guide,Dog Supplies,added,added,0,updated
4096,Best Dog Dental Care UK (2026) – Teeth Cleaning Guide,Dog Supplies,added,added,0,updated
4089,Best Dog Health and Care UK (2026) – Complete Guide,Dog Supplies,added,added,0,updated
4078,Best Dog Nail Clippers UK (2026) – Trimming & Grinding Guide,Dog Supplies,added,added,0,updated
4071,Best Dog Shampoo UK (2026) – Ingredients & Safety Guide,Dog Supplies,added,added,0,updated
4064,Best Dog Brushes UK (2026) – Guide by Coat Type,Dog Supplies,added,added,0,updated
4057,Best Dog Grooming Supplies UK (2026) – Complete Guide,Dog Supplies,added,added,0,updated
4049,Best Puppy Collars UK (2026) – First Collar & Harness Guide,Dog Supplies,added,added,1,updated
4042,Best Dog Leads UK (2026) – Walking & Training Lead Guide,Dog Supplies,added,added,1,updated
4018,Best Puppy Beds UK (2026) – First Bed & Crate Training Guide,Dog Supplies,added,added,0,updated
4011,Best Cooling Dog Beds UK (2026) – Temperature Regulation Guide,Dog Supplies,added,added,0,updated
4004,Best Orthopaedic Dog Beds UK (2026) – Joint Support Guide,Dog Supplies,added,added,0,updated
3996,Best Dog Beds UK (2026) – Complete Guide & Honest Reviews,Dog Supplies,added,added,0,updated
3839,Best Puppy Food UK (2026) - Growth-Stage Nutrition Guide,Dog Supplies,added,added,0,updated
3838,Dry vs Wet Dog Food UK - An Honest Comparison Guide,Dog Supplies,added,added,1,updated
3837,Best Dry Dog Food UK (2026) - Evidence-Based Guide,Dog Supplies,added,added,0,updated
3836,Best Dog Food UK (2026) - Complete Buying Guide,Dog Supplies,added,added,0,updated
3,Dog Toys UK (2026) – Essential Guide for Pet Owners,Dog Supplies,added,added,0,updated
