Post ID,Title,Cluster,URL,Word Count,Internal Links,Crawl Priority,E-E-A-T Depth,Humanization,Conversion,Comparison Quality,Trust Intensity,Citation Readiness,Practical Usefulness,Overall Authority
6046,Dog Toy Hygiene Schedules: A Practical Cleaning Timetable,Dog Toys,https://pethubonline.com/dog-toy-hygiene-schedules/,2174,11,High,90,100,90,100,100,90,80,92.9
6045,Safe Multi-Dog Toy Management: Preventing Resource Guarding,Dog Toys,https://pethubonline.com/safe-multi-dog-toy-management/,2074,10,High,90,95,80,100,100,90,90,92.1
6039,Dog Toy Anxiety Reduction: Using Toys to Calm Nervous Dogs,Dog Toys,https://pethubonline.com/dog-toy-anxiety-reduction/,1851,9,Medium,80,100,65,100,90,90,80,86.4
5950,Dog Toy Durability Guide: What Lasts and What Does Not,Dog Toys,https://pethubonline.com/dog-toy-durability-guide/,2418,14,High,90,100,90,100,100,90,80,92.9
5946,"Dog Toy Materials Compared: Rubber, Rope, Plush, and Nylon",Dog Toys,https://pethubonline.com/dog-toy-materials-compared/,2412,12,High,90,100,90,100,100,90,80,92.9
6049,Sensory Enrichment for Dogs: Engaging All Five Senses Through Play,Dog Food,https://pethubonline.com/sensory-enrichment-dogs/,2184,10,High,90,95,90,100,100,90,90,93.6
5467,"Pet Feeding Guide: Understanding Portions, Schedules, and Methods",Dog Food,https://pethubonline.com/pet-feeding-guide/,4198,12,High,90,100,80,100,100,100,90,94.3
5460,Pet Nutrition Terminology: A Guide to Common Terms on Pet Food Labels,Dog Food,https://pethubonline.com/pet-nutrition-terminology-guide/,3500,12,High,90,85,90,100,90,100,90,92.1
4160,Best Elevated Dog Bowls UK (2026) – Raised Feeder Guide,Dog Food,https://pethubonline.com/best-elevated-dog-bowls-uk/,1957,23,Medium,90,70,75,100,90,90,65,82.9
4153,Best Slow Feeder Dog Bowls UK (2026) – Prevent Speed Eating,Dog Food,https://pethubonline.com/best-slow-feeder-dog-bowls-uk/,2241,17,High,100,85,90,100,100,90,80,92.1
6047,Play Recovery After Surgery: Gentle Enrichment for Healing Dogs,Dog Health,https://pethubonline.com/play-recovery-after-surgery-dogs/,2157,10,High,90,100,90,100,100,90,90,94.3
6042,Enrichment by Breed Group: Tailoring Play to Your Dog’s Instincts,Dog Health,https://pethubonline.com/enrichment-by-breed-group/,2006,7,High,90,100,90,100,100,90,90,94.3
5938,Enrichment Schedules for Dogs: Structuring Daily Play and Mental Work,Dog Health,https://pethubonline.com/enrichment-schedules-dogs/,2175,13,High,90,95,90,100,100,90,80,92.1
5931,Signs of Toy Overstimulation in Dogs: When Play Becomes Too Much,Dog Health,https://pethubonline.com/dog-toy-overstimulation-signs/,2069,10,High,90,95,80,100,100,90,90,92.1
5522,"Orthopaedic Care for Dogs: Joint Health, Mobility, and Support",Dog Health,https://pethubonline.com/orthopaedic-care-dogs/,4841,15,High,80,65,90,100,90,75,60,80.0
6050,Toy Overstimulation Recovery: Calming Down an Overexcited Dog,Dog Training,https://pethubonline.com/toy-overstimulation-recovery-dogs/,2111,11,High,90,95,80,100,100,90,90,92.1
5933,"Safe Tug Play with Dogs: Rules, Benefits, and Common Mistakes",Dog Training,https://pethubonline.com/safe-tug-play-dogs/,1792,10,Medium,80,100,65,85,90,90,80,84.3
5512,Dog Behaviour Explained: Understanding Your Dog’s Body Language and Actions,Dog Training,https://pethubonline.com/dog-behaviour-explained/,3843,17,High,90,100,80,100,100,100,80,92.9
5462,Dog Training Terminology Explained: Key Concepts for New Owners,Dog Training,https://pethubonline.com/dog-training-terminology-explained/,2967,11,High,90,85,75,80,100,85,65,82.9
4791,How to Choose the Right Dog Training Treats,Dog Training,https://pethubonline.com/how-to-choose-dog-training-treats/,2104,19,High,90,100,80,100,100,90,70,90.0
5414,Cat Toy Types Explained: A Complete Glossary,Cat Toys,https://pethubonline.com/cat-toy-types-glossary/,1669,11,Medium,80,70,35,0,80,75,65,57.9
5033,How to Choose the Right Cat Toy for Your Cat’s Personality,Cat Toys,https://pethubonline.com/how-to-choose-cat-toys-personality/,2094,23,High,90,85,90,100,90,100,80,90.7
5032,Cat Toys FAQ: Common Questions Answered,Cat Toys,https://pethubonline.com/cat-toys-faq/,2313,21,High,90,95,90,100,90,100,80,92.1
4415,Cat Toy Safety Guide: What Every Owner Should Know,Cat Toys,https://pethubonline.com/cat-toy-safety-guide/,2105,19,High,90,85,60,80,90,90,65,80.0
4406,Best Interactive Cat Toys for Indoor Cats: Engagement Guide,Cat Toys,https://pethubonline.com/best-interactive-cat-toys-indoor-cats/,2286,22,High,100,90,90,100,90,90,80,91.4
6052,Low-Mobility Enrichment: Mental Stimulation for Dogs with Limited Movement,Cat Supplies,https://pethubonline.com/low-mobility-enrichment-dogs/,2159,10,High,90,100,90,100,100,90,90,94.3
5932,Scent-Game Enrichment for Dogs: Using Smell to Engage Your Dog,Cat Supplies,https://pethubonline.com/scent-game-enrichment-dogs/,2130,10,High,90,100,90,100,100,90,90,94.3
5521,Pet Health Terminology: A Guide to Common Veterinary Terms,Cat Supplies,https://pethubonline.com/pet-health-terminology-guide/,3432,11,High,80,85,50,0,90,85,65,65.0
5519,Indoor Cat Care: A Complete Guide to Keeping House Cats Happy and Healthy,Cat Supplies,https://pethubonline.com/indoor-cat-care-guide/,4590,20,High,90,90,80,100,90,100,80,90.0
5511,"Pet Enrichment Explained: Types, Benefits, and Practical Ideas",Cat Supplies,https://pethubonline.com/pet-enrichment-guide/,4016,8,High,90,100,90,100,100,90,90,94.3
4573,Seasonal Pet Safety: Protecting Pets Through the Year,Dog Grooming,https://pethubonline.com/seasonal-pet-safety-guide/,1608,9,Medium,80,85,35,0,90,75,65,61.4
4563,Dog Grooming Basics: A Complete Guide for Owners,Dog Grooming,https://pethubonline.com/dog-grooming-basics-guide/,930,6,Low,80,85,35,0,80,60,65,57.9
4413,How to Measure Your Dog for a Harness: Step-by-Step Guide,Dog Grooming,https://pethubonline.com/how-to-measure-dog-for-harness/,918,6,Low,80,85,35,0,90,60,65,59.3
4230,Best Cat Grooming Supplies UK (2026) – Complete Guide,Dog Grooming,https://pethubonline.com/best-cat-grooming-supplies-uk/,1968,21,Medium,90,80,100,100,80,90,75,87.9
4078,Best Dog Nail Clippers UK (2026) – Trimming & Grinding Guide,Dog Grooming,https://pethubonline.com/best-dog-nail-clippers-uk/,1759,15,Medium,90,80,75,0,90,75,55,66.4
5523,"Dog Training Equipment Explained: Tools, Uses, and What to Avoid",Dog Harnesses,https://pethubonline.com/dog-training-equipment-guide/,4109,17,High,90,95,100,100,100,100,80,95.0
5418,Dog Harness Types Explained: Finding the Right Fit,Dog Harnesses,https://pethubonline.com/dog-harness-types-glossary/,2745,10,High,80,70,50,80,90,100,55,75.0
4570,First-Time Dog Owner Essentials: What You Need to Know,Dog Harnesses,https://pethubonline.com/first-time-dog-owner-essentials/,2275,16,High,80,100,60,65,90,90,80,80.7
4414,Harness vs Collar: Which Is Better for Your Dog?,Dog Harnesses,https://pethubonline.com/harness-vs-collar-which-is-better/,1031,6,Medium,80,85,65,80,90,75,65,77.1
4411,"Dog Harnesses: The Complete Guide to Types, Fitting, and Safety",Dog Harnesses,https://pethubonline.com/dog-harnesses-complete-guide/,1848,17,Medium,80,55,80,100,100,75,40,75.7
6048,Confidence-Building Play: Helping Shy and Fearful Dogs Through Toys,Dog Beds,https://pethubonline.com/confidence-building-play-dogs/,1661,9,Medium,80,85,50,65,90,90,55,73.6
5942,Cognitive Enrichment for Senior Dogs: Gentle Play for Ageing Minds,Dog Beds,https://pethubonline.com/cognitive-enrichment-senior-dogs/,2284,10,High,90,95,90,100,100,90,80,92.1
5934,Crate and Play Enrichment: Keeping Dogs Happy in Confined Spaces,Dog Beds,https://pethubonline.com/crate-play-enrichment-dogs/,2105,11,High,90,95,100,100,100,90,90,95.0
5510,Dog Bed Sizing Guide: How to Measure Your Dog and Choose the Right Fit,Dog Beds,https://pethubonline.com/dog-bed-sizing-guide/,4607,11,High,90,85,90,100,90,90,80,89.3
5416,Dog Bed Types Explained: A Complete Glossary,Dog Beds,https://pethubonline.com/dog-bed-types-glossary/,1914,13,Medium,90,70,50,0,100,70,55,62.1
5508,Puppy Development Stages: A Complete Guide from Birth to Maturity,Puppy Care,https://pethubonline.com/puppy-development-stages-guide/,4079,14,High,100,85,50,80,100,90,75,82.9
5417,Puppy Care Essentials: Key Terms Every New Owner Should Know,Puppy Care,https://pethubonline.com/puppy-care-essentials-glossary/,3081,18,High,90,100,90,100,100,100,90,95.7
